-- ============================================
-- SCRIPT DE DONNEES FACTICES DIVERSIFIEES (Finance, Medecine, Commerce, etc.)
-- ============================================

INSERT INTO auth.users (id, instance_id, aud, role, email, encrypted_password, email_confirmed_at, raw_app_meta_data, raw_user_meta_data, created_at, updated_at, confirmation_token, recovery_token, email_change_token_new, email_change) VALUES
('ef3daacf-a448-45ac-a0a4-96fe8cd3cf51', '00000000-0000-0000-0000-000000000000', 'authenticated', 'authenticated', 'contact@bnp paribas.com', crypt('password123', gen_salt('bf')), now(), '{"provider": "email", "providers": ["email"]}', '{}', now(), now(), '', '', '', ''),
('72064457-987c-4f1f-92a9-07df837cbed2', '00000000-0000-0000-0000-000000000000', 'authenticated', 'authenticated', 'contact@société générale.com', crypt('password123', gen_salt('bf')), now(), '{"provider": "email", "providers": ["email"]}', '{}', now(), now(), '', '', '', ''),
('9aef81aa-6e5b-4e68-ac72-10f146b757b8', '00000000-0000-0000-0000-000000000000', 'authenticated', 'authenticated', 'contact@axa.com', crypt('password123', gen_salt('bf')), now(), '{"provider": "email", "providers": ["email"]}', '{}', now(), now(), '', '', '', ''),
('b05d5282-3137-44a1-a4ee-ac358b0e4f02', '00000000-0000-0000-0000-000000000000', 'authenticated', 'authenticated', 'contact@lcl.com', crypt('password123', gen_salt('bf')), now(), '{"provider": "email", "providers": ["email"]}', '{}', now(), now(), '', '', '', ''),
('cb649994-8b8e-4f74-93d3-ea43fa83be1f', '00000000-0000-0000-0000-000000000000', 'authenticated', 'authenticated', 'contact@doctolib.com', crypt('password123', gen_salt('bf')), now(), '{"provider": "email", "providers": ["email"]}', '{}', now(), now(), '', '', '', ''),
('d60a484a-d854-42d6-a37a-c6b96f1bd3cc', '00000000-0000-0000-0000-000000000000', 'authenticated', 'authenticated', 'contact@sanofi.com', crypt('password123', gen_salt('bf')), now(), '{"provider": "email", "providers": ["email"]}', '{}', now(), now(), '', '', '', ''),
('8486b81f-bdfe-4ed5-a8ee-7e8e86ac1fd3', '00000000-0000-0000-0000-000000000000', 'authenticated', 'authenticated', 'contact@ap-hp.com', crypt('password123', gen_salt('bf')), now(), '{"provider": "email", "providers": ["email"]}', '{}', now(), now(), '', '', '', ''),
('b5f59677-5f46-492f-8f5d-f3f289df18ea', '00000000-0000-0000-0000-000000000000', 'authenticated', 'authenticated', 'contact@clinique pasteur.com', crypt('password123', gen_salt('bf')), now(), '{"provider": "email", "providers": ["email"]}', '{}', now(), now(), '', '', '', ''),
('7dc301ce-b132-4125-a8b0-26b7ae168830', '00000000-0000-0000-0000-000000000000', 'authenticated', 'authenticated', 'contact@loréal.com', crypt('password123', gen_salt('bf')), now(), '{"provider": "email", "providers": ["email"]}', '{}', now(), now(), '', '', '', ''),
('8806d5f1-ae91-4b1b-8059-cd846a549d05', '00000000-0000-0000-0000-000000000000', 'authenticated', 'authenticated', 'contact@carrefour.com', crypt('password123', gen_salt('bf')), now(), '{"provider": "email", "providers": ["email"]}', '{}', now(), now(), '', '', '', ''),
('71355084-4195-4452-8e38-87322c3cf76f', '00000000-0000-0000-0000-000000000000', 'authenticated', 'authenticated', 'contact@decathlon.com', crypt('password123', gen_salt('bf')), now(), '{"provider": "email", "providers": ["email"]}', '{}', now(), now(), '', '', '', ''),
('46c95bc5-fde0-4cec-878e-cfa5947524d4', '00000000-0000-0000-0000-000000000000', 'authenticated', 'authenticated', 'contact@sephora.com', crypt('password123', gen_salt('bf')), now(), '{"provider": "email", "providers": ["email"]}', '{}', now(), now(), '', '', '', ''),
('81138552-c840-4f00-a9fe-cbe4f16da20b', '00000000-0000-0000-0000-000000000000', 'authenticated', 'authenticated', 'contact@vinci.com', crypt('password123', gen_salt('bf')), now(), '{"provider": "email", "providers": ["email"]}', '{}', now(), now(), '', '', '', ''),
('f303e6e1-ffad-4673-bdb4-92a2e8573552', '00000000-0000-0000-0000-000000000000', 'authenticated', 'authenticated', 'contact@nexity.com', crypt('password123', gen_salt('bf')), now(), '{"provider": "email", "providers": ["email"]}', '{}', now(), now(), '', '', '', ''),
('47a03a86-bd16-4177-91c8-742b760ca337', '00000000-0000-0000-0000-000000000000', 'authenticated', 'authenticated', 'contact@foncia.com', crypt('password123', gen_salt('bf')), now(), '{"provider": "email", "providers": ["email"]}', '{}', now(), now(), '', '', '', ''),
('f2db6f61-3d09-46a1-8af1-c672b0f4a9b4', '00000000-0000-0000-0000-000000000000', 'authenticated', 'authenticated', 'contact@veolia.com', crypt('password123', gen_salt('bf')), now(), '{"provider": "email", "providers": ["email"]}', '{}', now(), now(), '', '', '', ''),
('ae316b78-c9eb-4b71-809d-dcbaefb0a95b', '00000000-0000-0000-0000-000000000000', 'authenticated', 'authenticated', 'contact@engie.com', crypt('password123', gen_salt('bf')), now(), '{"provider": "email", "providers": ["email"]}', '{}', now(), now(), '', '', '', ''),
('d9dddd8d-567b-4699-9577-6a25b7299d50', '00000000-0000-0000-0000-000000000000', 'authenticated', 'authenticated', 'contact@suez.com', crypt('password123', gen_salt('bf')), now(), '{"provider": "email", "providers": ["email"]}', '{}', now(), now(), '', '', '', ''),
('75e6ffb5-20f7-415c-9bcc-5f7b5c3a1601', '00000000-0000-0000-0000-000000000000', 'authenticated', 'authenticated', 'contact@adecco.com', crypt('password123', gen_salt('bf')), now(), '{"provider": "email", "providers": ["email"]}', '{}', now(), now(), '', '', '', ''),
('98b64d94-0b9d-4b4c-b050-a3a1c42e8a7f', '00000000-0000-0000-0000-000000000000', 'authenticated', 'authenticated', 'contact@randstad.com', crypt('password123', gen_salt('bf')), now(), '{"provider": "email", "providers": ["email"]}', '{}', now(), now(), '', '', '', ''),
('9b50a7c7-de4e-4904-8d3b-33726f6835a4', '00000000-0000-0000-0000-000000000000', 'authenticated', 'authenticated', 'contact@publicis.com', crypt('password123', gen_salt('bf')), now(), '{"provider": "email", "providers": ["email"]}', '{}', now(), now(), '', '', '', ''),
('85ce809e-65f4-42fc-a56b-76bc28f44386', '00000000-0000-0000-0000-000000000000', 'authenticated', 'authenticated', 'contact@havas.com', crypt('password123', gen_salt('bf')), now(), '{"provider": "email", "providers": ["email"]}', '{}', now(), now(), '', '', '', ''),
('7cf7fdc6-4714-439a-9f8d-8919ca48e2c7', '00000000-0000-0000-0000-000000000000', 'authenticated', 'authenticated', 'contact@capgemini.com', crypt('password123', gen_salt('bf')), now(), '{"provider": "email", "providers": ["email"]}', '{}', now(), now(), '', '', '', ''),
('81f87996-6d22-474c-aae9-2f266f08e5d2', '00000000-0000-0000-0000-000000000000', 'authenticated', 'authenticated', 'contact@dassault systèmes.com', crypt('password123', gen_salt('bf')), now(), '{"provider": "email", "providers": ["email"]}', '{}', now(), now(), '', '', '', ''),
('588563a0-7cca-4012-ab9b-1530534c24fb', '00000000-0000-0000-0000-000000000000', 'authenticated', 'authenticated', 'contact@airbus.com', crypt('password123', gen_salt('bf')), now(), '{"provider": "email", "providers": ["email"]}', '{}', now(), now(), '', '', '', ''),
('07b29dee-ddca-42af-a036-41dc49edaaf0', '00000000-0000-0000-0000-000000000000', 'authenticated', 'authenticated', 'contact@thales.com', crypt('password123', gen_salt('bf')), now(), '{"provider": "email", "providers": ["email"]}', '{}', now(), now(), '', '', '', ''),
('8a132795-1b6b-4e59-b65c-f737dcb5783f', '00000000-0000-0000-0000-000000000000', 'authenticated', 'authenticated', 'contact@pharmacie lafayette.com', crypt('password123', gen_salt('bf')), now(), '{"provider": "email", "providers": ["email"]}', '{}', now(), now(), '', '', '', ''),
('72f2d243-2304-4fbf-a570-19ebdc1b50fb', '00000000-0000-0000-0000-000000000000', 'authenticated', 'authenticated', 'contact@crédit mutuel.com', crypt('password123', gen_salt('bf')), now(), '{"provider": "email", "providers": ["email"]}', '{}', now(), now(), '', '', '', ''),
('7cb0ff60-631a-499e-abfe-006b814a818c', '00000000-0000-0000-0000-000000000000', 'authenticated', 'authenticated', 'contact@auchan retail.com', crypt('password123', gen_salt('bf')), now(), '{"provider": "email", "providers": ["email"]}', '{}', now(), now(), '', '', '', ''),
('dc700b34-1fe6-409f-861b-bb9ddbf0af66', '00000000-0000-0000-0000-000000000000', 'authenticated', 'authenticated', 'contact@century 21.com', crypt('password123', gen_salt('bf')), now(), '{"provider": "email", "providers": ["email"]}', '{}', now(), now(), '', '', '', ''),
('4a337e0e-cc4d-4161-b035-c0b3115c3fba', '00000000-0000-0000-0000-000000000000', 'authenticated', 'authenticated', 'alice.durand0@student.fr', crypt('password123', gen_salt('bf')), now(), '{"provider": "email", "providers": ["email"]}', '{}', now(), now(), '', '', '', ''),
('b2076174-2e2d-4ce3-ba72-6313489a099f', '00000000-0000-0000-0000-000000000000', 'authenticated', 'authenticated', 'aaron.lefevre1@student.fr', crypt('password123', gen_salt('bf')), now(), '{"provider": "email", "providers": ["email"]}', '{}', now(), now(), '', '', '', ''),
('deb934af-3fcf-4237-af74-e263945f253c', '00000000-0000-0000-0000-000000000000', 'authenticated', 'authenticated', 'gabin.richard2@student.fr', crypt('password123', gen_salt('bf')), now(), '{"provider": "email", "providers": ["email"]}', '{}', now(), now(), '', '', '', ''),
('1e4107a1-7e1e-4381-87d9-dba5f8db85c4', '00000000-0000-0000-0000-000000000000', 'authenticated', 'authenticated', 'adam.dupont3@student.fr', crypt('password123', gen_salt('bf')), now(), '{"provider": "email", "providers": ["email"]}', '{}', now(), now(), '', '', '', ''),
('b981d38d-b6be-474b-9691-9c1a4f5688f1', '00000000-0000-0000-0000-000000000000', 'authenticated', 'authenticated', 'jade.dupont4@student.fr', crypt('password123', gen_salt('bf')), now(), '{"provider": "email", "providers": ["email"]}', '{}', now(), now(), '', '', '', ''),
('4af44c3b-92d0-4b50-bdd1-652a4dbef2ae', '00000000-0000-0000-0000-000000000000', 'authenticated', 'authenticated', 'léo.simon5@student.fr', crypt('password123', gen_salt('bf')), now(), '{"provider": "email", "providers": ["email"]}', '{}', now(), now(), '', '', '', ''),
('053cbf2c-7369-49a1-92cc-3c8a53cd4a22', '00000000-0000-0000-0000-000000000000', 'authenticated', 'authenticated', 'julia.thomas6@student.fr', crypt('password123', gen_salt('bf')), now(), '{"provider": "email", "providers": ["email"]}', '{}', now(), now(), '', '', '', ''),
('c1475fc4-f38b-49a6-b3b3-2c4d08010911', '00000000-0000-0000-0000-000000000000', 'authenticated', 'authenticated', 'juliette.mercier7@student.fr', crypt('password123', gen_salt('bf')), now(), '{"provider": "email", "providers": ["email"]}', '{}', now(), now(), '', '', '', ''),
('6d00464f-707b-4fe4-a2a1-cc0bb0c1a7a6', '00000000-0000-0000-0000-000000000000', 'authenticated', 'authenticated', 'sacha.leroy8@student.fr', crypt('password123', gen_salt('bf')), now(), '{"provider": "email", "providers": ["email"]}', '{}', now(), now(), '', '', '', ''),
('b78d9175-ffeb-4afd-88cf-17b8549d1556', '00000000-0000-0000-0000-000000000000', 'authenticated', 'authenticated', 'rose.robert9@student.fr', crypt('password123', gen_salt('bf')), now(), '{"provider": "email", "providers": ["email"]}', '{}', now(), now(), '', '', '', ''),
('4dc2c667-432f-465e-96f1-a76cfff8cfc6', '00000000-0000-0000-0000-000000000000', 'authenticated', 'authenticated', 'zoé.richard10@student.fr', crypt('password123', gen_salt('bf')), now(), '{"provider": "email", "providers": ["email"]}', '{}', now(), now(), '', '', '', ''),
('e07c994e-e66e-4d96-8db6-77f991f3b6b3', '00000000-0000-0000-0000-000000000000', 'authenticated', 'authenticated', 'aaron.mercier11@student.fr', crypt('password123', gen_salt('bf')), now(), '{"provider": "email", "providers": ["email"]}', '{}', now(), now(), '', '', '', ''),
('06c3b6ff-576f-4243-aa9f-55c352e11fe8', '00000000-0000-0000-0000-000000000000', 'authenticated', 'authenticated', 'tiago.andre12@student.fr', crypt('password123', gen_salt('bf')), now(), '{"provider": "email", "providers": ["email"]}', '{}', now(), now(), '', '', '', ''),
('15e4de6a-a173-4450-9bb6-2b16480067a2', '00000000-0000-0000-0000-000000000000', 'authenticated', 'authenticated', 'mia.garnier13@student.fr', crypt('password123', gen_salt('bf')), now(), '{"provider": "email", "providers": ["email"]}', '{}', now(), now(), '', '', '', ''),
('890ab162-f57f-41e5-b878-8bc9dbfb2936', '00000000-0000-0000-0000-000000000000', 'authenticated', 'authenticated', 'léna.roux14@student.fr', crypt('password123', gen_salt('bf')), now(), '{"provider": "email", "providers": ["email"]}', '{}', now(), now(), '', '', '', ''),
('df7c343d-25e9-4bb6-9b7d-a6983f87b8a1', '00000000-0000-0000-0000-000000000000', 'authenticated', 'authenticated', 'noah.boyer15@student.fr', crypt('password123', gen_salt('bf')), now(), '{"provider": "email", "providers": ["email"]}', '{}', now(), now(), '', '', '', ''),
('170098fb-4709-4383-bc18-9318d820cba8', '00000000-0000-0000-0000-000000000000', 'authenticated', 'authenticated', 'éden.martin16@student.fr', crypt('password123', gen_salt('bf')), now(), '{"provider": "email", "providers": ["email"]}', '{}', now(), now(), '', '', '', ''),
('f5c375bf-98d3-41f3-901c-663c6f6b9f83', '00000000-0000-0000-0000-000000000000', 'authenticated', 'authenticated', 'mia.morel17@student.fr', crypt('password123', gen_salt('bf')), now(), '{"provider": "email", "providers": ["email"]}', '{}', now(), now(), '', '', '', ''),
('e717d53c-c6b2-4331-9ad2-329d6afcdb64', '00000000-0000-0000-0000-000000000000', 'authenticated', 'authenticated', 'arthur.thomas18@student.fr', crypt('password123', gen_salt('bf')), now(), '{"provider": "email", "providers": ["email"]}', '{}', now(), now(), '', '', '', ''),
('47bac8fe-1cc1-485f-8d91-c91c727c1dec', '00000000-0000-0000-0000-000000000000', 'authenticated', 'authenticated', 'jules.dupont19@student.fr', crypt('password123', gen_salt('bf')), now(), '{"provider": "email", "providers": ["email"]}', '{}', now(), now(), '', '', '', ''),
('dca37a80-40de-43a6-9087-7793a5a2cbce', '00000000-0000-0000-0000-000000000000', 'authenticated', 'authenticated', 'juliette.simon20@student.fr', crypt('password123', gen_salt('bf')), now(), '{"provider": "email", "providers": ["email"]}', '{}', now(), now(), '', '', '', ''),
('b76b88f6-016a-4967-a0af-32b8ceeaa4c4', '00000000-0000-0000-0000-000000000000', 'authenticated', 'authenticated', 'chloé.chevalier21@student.fr', crypt('password123', gen_salt('bf')), now(), '{"provider": "email", "providers": ["email"]}', '{}', now(), now(), '', '', '', ''),
('6dec144e-09f4-4985-a850-97c829263a2c', '00000000-0000-0000-0000-000000000000', 'authenticated', 'authenticated', 'juliette.dubois22@student.fr', crypt('password123', gen_salt('bf')), now(), '{"provider": "email", "providers": ["email"]}', '{}', now(), now(), '', '', '', ''),
('c348c3cb-e845-46fc-9dc2-20140d29cefb', '00000000-0000-0000-0000-000000000000', 'authenticated', 'authenticated', 'ambre.david23@student.fr', crypt('password123', gen_salt('bf')), now(), '{"provider": "email", "providers": ["email"]}', '{}', now(), now(), '', '', '', ''),
('e1594bba-289b-4bda-b628-c1865f90d9d6', '00000000-0000-0000-0000-000000000000', 'authenticated', 'authenticated', 'mia.robert24@student.fr', crypt('password123', gen_salt('bf')), now(), '{"provider": "email", "providers": ["email"]}', '{}', now(), now(), '', '', '', ''),
('40b97a06-34c2-4cd5-9d90-b4fcddd3e66a', '00000000-0000-0000-0000-000000000000', 'authenticated', 'authenticated', 'inès.blanc25@student.fr', crypt('password123', gen_salt('bf')), now(), '{"provider": "email", "providers": ["email"]}', '{}', now(), now(), '', '', '', ''),
('3126e06e-c357-4bfc-ba1f-6191e27ec3c7', '00000000-0000-0000-0000-000000000000', 'authenticated', 'authenticated', 'anna.laurent26@student.fr', crypt('password123', gen_salt('bf')), now(), '{"provider": "email", "providers": ["email"]}', '{}', now(), now(), '', '', '', ''),
('86eeffd6-6cb1-45f2-8c62-e1d3cc5614a7', '00000000-0000-0000-0000-000000000000', 'authenticated', 'authenticated', 'ambre.dubois27@student.fr', crypt('password123', gen_salt('bf')), now(), '{"provider": "email", "providers": ["email"]}', '{}', now(), now(), '', '', '', ''),
('587962de-9cde-4986-91ca-0cbce80e0cb5', '00000000-0000-0000-0000-000000000000', 'authenticated', 'authenticated', 'jules.blanc28@student.fr', crypt('password123', gen_salt('bf')), now(), '{"provider": "email", "providers": ["email"]}', '{}', now(), now(), '', '', '', ''),
('63ce3d6c-286d-47aa-8e40-0b8cd810df9b', '00000000-0000-0000-0000-000000000000', 'authenticated', 'authenticated', 'zoé.andre29@student.fr', crypt('password123', gen_salt('bf')), now(), '{"provider": "email", "providers": ["email"]}', '{}', now(), now(), '', '', '', '')
ON CONFLICT (id) DO NOTHING;

INSERT INTO public.companies (id, user_id, company_name, sector, company_size, description, location, website, contact_email, contact_phone) VALUES
('121d614b-bf15-4fe1-bbf3-61c9fc7d415c', 'ef3daacf-a448-45ac-a0a4-96fe8cd3cf51', 'BNP Paribas', 'Finance & Banque', '50-200', 'Poste au sein de BNP Paribas', 'Marseille', 'https://bnp paribas.com', 'contact@bnp paribas.com', '0102030405'),
('8035ee06-58ac-4edc-9e04-26d022909567', '72064457-987c-4f1f-92a9-07df837cbed2', 'Société Générale', 'Finance & Banque', '1-10', 'Poste au sein de Société Générale', 'Lyon', 'https://société générale.com', 'contact@société générale.com', '0102030405'),
('0ee496a5-5850-48b1-b78a-a2e4257ac099', '9aef81aa-6e5b-4e68-ac72-10f146b757b8', 'AXA', 'Finance & Banque', '10-50', 'Poste au sein de AXA', 'Toulouse', 'https://axa.com', 'contact@axa.com', '0102030405'),
('f743c8d1-7b98-4dbb-9a6c-c17e6d0a4090', 'b05d5282-3137-44a1-a4ee-ac358b0e4f02', 'LCL', 'Finance & Banque', '500+', 'Poste au sein de LCL', 'Lyon', 'https://lcl.com', 'contact@lcl.com', '0102030405'),
('f84bdb19-cfa6-43ff-bc3a-f81e05980569', 'cb649994-8b8e-4f74-93d3-ea43fa83be1f', 'Doctolib', 'Médecine & Santé', '50-200', 'Poste au sein de Doctolib', 'Marseille', 'https://doctolib.com', 'contact@doctolib.com', '0102030405'),
('c45350e2-e288-4783-b723-08853ba5e863', 'd60a484a-d854-42d6-a37a-c6b96f1bd3cc', 'Sanofi', 'Médecine & Santé', '500+', 'Poste au sein de Sanofi', 'Lyon', 'https://sanofi.com', 'contact@sanofi.com', '0102030405'),
('9aea7793-58a0-43ab-8c2a-84b3bdb9eeb9', '8486b81f-bdfe-4ed5-a8ee-7e8e86ac1fd3', 'AP-HP', 'Médecine & Santé', '10-50', 'Poste au sein de AP-HP', 'Lille', 'https://ap-hp.com', 'contact@ap-hp.com', '0102030405'),
('389de074-657a-44a0-90b3-e6d75d20f45e', 'b5f59677-5f46-492f-8f5d-f3f289df18ea', 'Clinique Pasteur', 'Médecine & Santé', '500+', 'Poste au sein de Clinique Pasteur', 'Strasbourg', 'https://clinique pasteur.com', 'contact@clinique pasteur.com', '0102030405'),
('dafe04f3-fb47-4e2f-af8d-36fe9f2b7e91', '7dc301ce-b132-4125-a8b0-26b7ae168830', 'L''Oréal', 'Commerce & Vente', '200-500', 'Poste au sein de L''Oréal', 'Grenoble', 'https://loréal.com', 'contact@loréal.com', '0102030405'),
('d9c176fe-5dfb-4bd2-8018-dfbc7c57cce2', '8806d5f1-ae91-4b1b-8059-cd846a549d05', 'Carrefour', 'Commerce & Vente', '50-200', 'Poste au sein de Carrefour', 'Nice', 'https://carrefour.com', 'contact@carrefour.com', '0102030405'),
('965f0dbd-8618-488b-8211-e1567be267cf', '71355084-4195-4452-8e38-87322c3cf76f', 'Decathlon', 'Commerce & Vente', '10-50', 'Poste au sein de Decathlon', 'Lyon', 'https://decathlon.com', 'contact@decathlon.com', '0102030405'),
('55ff33d0-67e4-4150-949a-2570ee88dfde', '46c95bc5-fde0-4cec-878e-cfa5947524d4', 'Sephora', 'Commerce & Vente', '50-200', 'Poste au sein de Sephora', 'Paris', 'https://sephora.com', 'contact@sephora.com', '0102030405'),
('e804abf2-6d50-48ee-92c1-c2a4f8b73244', '81138552-c840-4f00-a9fe-cbe4f16da20b', 'Vinci', 'Immobilier', '200-500', 'Poste au sein de Vinci', 'Lille', 'https://vinci.com', 'contact@vinci.com', '0102030405'),
('4d0cbbc5-55f8-48f3-9be9-d9c4d38cab4f', 'f303e6e1-ffad-4673-bdb4-92a2e8573552', 'Nexity', 'Immobilier', '200-500', 'Poste au sein de Nexity', 'Grenoble', 'https://nexity.com', 'contact@nexity.com', '0102030405'),
('d3755ae4-78e9-4621-b7d9-17272e21a494', '47a03a86-bd16-4177-91c8-742b760ca337', 'Foncia', 'Immobilier', '500+', 'Poste au sein de Foncia', 'Rennes', 'https://foncia.com', 'contact@foncia.com', '0102030405'),
('b4f9540f-2f14-4377-83ae-ad6f5890a957', 'f2db6f61-3d09-46a1-8af1-c672b0f4a9b4', 'Veolia', 'Environnement', '10-50', 'Poste au sein de Veolia', 'Paris', 'https://veolia.com', 'contact@veolia.com', '0102030405'),
('1fef307f-4e99-42ce-ab53-26cd0f74a9f5', 'ae316b78-c9eb-4b71-809d-dcbaefb0a95b', 'Engie', 'Environnement', '200-500', 'Poste au sein de Engie', 'Grenoble', 'https://engie.com', 'contact@engie.com', '0102030405'),
('dd3442b0-4e55-444f-8928-1bbe53975b85', 'd9dddd8d-567b-4699-9577-6a25b7299d50', 'Suez', 'Environnement', '10-50', 'Poste au sein de Suez', 'Angers', 'https://suez.com', 'contact@suez.com', '0102030405'),
('b70795ed-5536-47a3-a0cc-01fbefdf499e', '75e6ffb5-20f7-415c-9bcc-5f7b5c3a1601', 'Adecco', 'Ressources Humaines', '500+', 'Poste au sein de Adecco', 'Nantes', 'https://adecco.com', 'contact@adecco.com', '0102030405'),
('182b3ebd-c269-4e28-bfef-42fb36d5ffdc', '98b64d94-0b9d-4b4c-b050-a3a1c42e8a7f', 'Randstad', 'Ressources Humaines', '50-200', 'Poste au sein de Randstad', 'Nantes', 'https://randstad.com', 'contact@randstad.com', '0102030405'),
('ed12958a-0d5f-476b-9d5f-acd8c85c74d9', '9b50a7c7-de4e-4904-8d3b-33726f6835a4', 'Publicis', 'Marketing', '10-50', 'Poste au sein de Publicis', 'Rennes', 'https://publicis.com', 'contact@publicis.com', '0102030405'),
('d7cc1df8-c6bd-482a-8500-df3f2b9da55f', '85ce809e-65f4-42fc-a56b-76bc28f44386', 'Havas', 'Marketing', '500+', 'Poste au sein de Havas', 'Dijon', 'https://havas.com', 'contact@havas.com', '0102030405'),
('359e21ab-c47b-49d5-a7ea-211a79f72f03', '7cf7fdc6-4714-439a-9f8d-8919ca48e2c7', 'Capgemini', 'Informatique', '200-500', 'Poste au sein de Capgemini', 'Montpellier', 'https://capgemini.com', 'contact@capgemini.com', '0102030405'),
('a2be6e78-f474-45c4-852b-d46e660616fb', '81f87996-6d22-474c-aae9-2f266f08e5d2', 'Dassault Systèmes', 'Informatique', '1-10', 'Poste au sein de Dassault Systèmes', 'Montpellier', 'https://dassault systèmes.com', 'contact@dassault systèmes.com', '0102030405'),
('6162a185-e88e-448b-aa63-2d68bec1500d', '588563a0-7cca-4012-ab9b-1530534c24fb', 'Airbus', 'Ingénierie', '10-50', 'Poste au sein de Airbus', 'Grenoble', 'https://airbus.com', 'contact@airbus.com', '0102030405'),
('0e8b1dcc-2aac-485c-98d5-ab8f132d5763', '07b29dee-ddca-42af-a036-41dc49edaaf0', 'Thales', 'Ingénierie', '10-50', 'Poste au sein de Thales', 'Nice', 'https://thales.com', 'contact@thales.com', '0102030405'),
('6869a223-0b9c-46fc-b87b-722f171d747a', '8a132795-1b6b-4e59-b65c-f737dcb5783f', 'Pharmacie Lafayette', 'Médecine & Santé', '1-10', 'Poste au sein de Pharmacie Lafayette', 'Grenoble', 'https://pharmacie lafayette.com', 'contact@pharmacie lafayette.com', '0102030405'),
('28d45fcf-c6e5-4508-8865-27d9a640e4d4', '72f2d243-2304-4fbf-a570-19ebdc1b50fb', 'Crédit Mutuel', 'Finance & Banque', '10-50', 'Poste au sein de Crédit Mutuel', 'Marseille', 'https://crédit mutuel.com', 'contact@crédit mutuel.com', '0102030405'),
('5dd72d45-2f7f-4083-a5f0-d81c38942012', '7cb0ff60-631a-499e-abfe-006b814a818c', 'Auchan Retail', 'Commerce & Vente', '200-500', 'Poste au sein de Auchan Retail', 'Toulouse', 'https://auchan retail.com', 'contact@auchan retail.com', '0102030405'),
('891c8638-ccbf-428a-aaab-2c79340b391e', 'dc700b34-1fe6-409f-861b-bb9ddbf0af66', 'Century 21', 'Immobilier', '50-200', 'Poste au sein de Century 21', 'Nice', 'https://century 21.com', 'contact@century 21.com', '0102030405')
ON CONFLICT (user_id) DO NOTHING;

INSERT INTO public.students (id, user_id, first_name, last_name, study_field, skills, city, search_type, bio, search_status, mobility_radius) VALUES
('04f0ab2e-c9c8-4dcc-a605-6689be315e47', '4a337e0e-cc4d-4161-b035-c0b3115c3fba', 'Alice', 'Durand', 'Médecine & Santé', '{"Biologie"}', 'Nantes', 'both', 'Étudiant motivé pour rejoindre le secteur Médecine & Santé.', 'active', 50),
('02095155-d281-46fd-bab2-bcdb299036b1', 'b2076174-2e2d-4ce3-ba72-6313489a099f', 'Aaron', 'Lefevre', 'Marketing', '{"SEO","Figma"}', 'Grenoble', 'both', 'Étudiant motivé pour rejoindre le secteur Marketing.', 'active', 50),
('350b89f0-8cc6-48a3-bb8b-66d491b5b791', 'deb934af-3fcf-4237-af74-e263945f253c', 'Gabin', 'Richard', 'Marketing', '{"SEO","Réseaux Sociaux"}', 'Toulouse', 'both', 'Étudiant motivé pour rejoindre le secteur Marketing.', 'active', 50),
('48b44a28-8fe7-4696-9bf3-65e7ff3a0a83', '1e4107a1-7e1e-4381-87d9-dba5f8db85c4', 'Adam', 'Dupont', 'Environnement', '{"Gestion des Déchets"}', 'Nantes', 'both', 'Étudiant motivé pour rejoindre le secteur Environnement.', 'active', 50),
('39edbc40-fb41-4835-94a6-dd03319bed42', 'b981d38d-b6be-474b-9691-9c1a4f5688f1', 'Jade', 'Dupont', 'Environnement', '{"Gestion des Déchets"}', 'Lille', 'stage', 'Étudiant motivé pour rejoindre le secteur Environnement.', 'active', 50),
('7388abb4-a61c-439a-ad8b-8f8b6b1fa245', '4af44c3b-92d0-4b50-bdd1-652a4dbef2ae', 'Léo', 'Simon', 'Informatique', '{"Node.js","Python"}', 'Lille', 'both', 'Étudiant motivé pour rejoindre le secteur Informatique.', 'active', 50),
('2748d0e1-469f-42bf-86f9-cdc89cbf2d9a', '053cbf2c-7369-49a1-92cc-3c8a53cd4a22', 'Julia', 'Thomas', 'Environnement', '{"Énergies Renouvelables","RSE"}', 'Rennes', 'both', 'Étudiant motivé pour rejoindre le secteur Environnement.', 'active', 50),
('98d5eca1-991f-47ef-a6c9-0e4d3338a555', 'c1475fc4-f38b-49a6-b3b3-2c4d08010911', 'Juliette', 'Mercier', 'Ressources Humaines', '{"Marque Employeur","Paie"}', 'Lille', 'alternance', 'Étudiant motivé pour rejoindre le secteur Ressources Humaines.', 'active', 50),
('640f794c-5c9c-421a-bb69-a124d70d6462', '6d00464f-707b-4fe4-a2a1-cc0bb0c1a7a6', 'Sacha', 'Leroy', 'Environnement', '{"Gestion des Déchets","Énergies Renouvelables"}', 'Rennes', 'both', 'Étudiant motivé pour rejoindre le secteur Environnement.', 'active', 50),
('2d3a27c2-0eae-474d-acfc-ad1ef6d81684', 'b78d9175-ffeb-4afd-88cf-17b8549d1556', 'Rose', 'Robert', 'Médecine & Santé', '{"Recherche Médicale","Biologie"}', 'Nice', 'both', 'Étudiant motivé pour rejoindre le secteur Médecine & Santé.', 'active', 50),
('50e6871a-ab16-4491-818f-0bfb60697792', '4dc2c667-432f-465e-96f1-a76cfff8cfc6', 'Zoé', 'Richard', 'Finance & Banque', '{"Gestion de Patrimoine"}', 'Lyon', 'alternance', 'Étudiant motivé pour rejoindre le secteur Finance & Banque.', 'active', 50),
('f40931da-b3a4-475b-9a0f-c47ce4ba2802', 'e07c994e-e66e-4d96-8db6-77f991f3b6b3', 'Aaron', 'Mercier', 'Immobilier', '{"Estimation","Prospection Foncière"}', 'Angers', 'both', 'Étudiant motivé pour rejoindre le secteur Immobilier.', 'active', 50),
('9934c2f8-680d-492c-9529-1b2dcc4f8feb', '06c3b6ff-576f-4243-aa9f-55c352e11fe8', 'Tiago', 'Andre', 'Environnement', '{"Analyse Carbone","Gestion des Déchets"}', 'Grenoble', 'alternance', 'Étudiant motivé pour rejoindre le secteur Environnement.', 'active', 50),
('1bc65805-94f5-4f3f-8de1-5a931bbcb6c1', '15e4de6a-a173-4450-9bb6-2b16480067a2', 'Mia', 'Garnier', 'Médecine & Santé', '{"Télémédecine","Recherche Médicale"}', 'Lyon', 'alternance', 'Étudiant motivé pour rejoindre le secteur Médecine & Santé.', 'active', 50),
('73b72c1b-4415-43cb-a779-ad2679983111', '890ab162-f57f-41e5-b878-8bc9dbfb2936', 'Léna', 'Roux', 'Immobilier', '{"Estimation"}', 'Strasbourg', 'both', 'Étudiant motivé pour rejoindre le secteur Immobilier.', 'active', 50),
('f14a79ee-4e49-4fb5-8680-c60f025ccb66', 'df7c343d-25e9-4bb6-9b7d-a6983f87b8a1', 'Noah', 'Boyer', 'Immobilier', '{"Prospection Foncière","Gestion Locative"}', 'Toulouse', 'alternance', 'Étudiant motivé pour rejoindre le secteur Immobilier.', 'active', 50),
('661b0d83-d6ad-4f70-8d77-8f501399d961', '170098fb-4709-4383-bc18-9318d820cba8', 'Éden', 'Martin', 'Informatique', '{"Cybersécurité","Cloud"}', 'Nantes', 'stage', 'Étudiant motivé pour rejoindre le secteur Informatique.', 'active', 50),
('f8a6a82d-60a7-447b-852d-35f2afdb93a6', 'f5c375bf-98d3-41f3-901c-663c6f6b9f83', 'Mia', 'Morel', 'Environnement', '{"Énergies Renouvelables","Gestion des Déchets"}', 'Dijon', 'stage', 'Étudiant motivé pour rejoindre le secteur Environnement.', 'active', 50),
('24865023-f1aa-4e2a-8077-1fa8b56846e8', 'e717d53c-c6b2-4331-9ad2-329d6afcdb64', 'Arthur', 'Thomas', 'Marketing', '{"Réseaux Sociaux","SEO"}', 'Strasbourg', 'alternance', 'Étudiant motivé pour rejoindre le secteur Marketing.', 'active', 50),
('ec3aa939-0d0d-4d82-8db7-e98175f3c758', '47bac8fe-1cc1-485f-8d91-c91c727c1dec', 'Jules', 'Dupont', 'Ressources Humaines', '{"Marque Employeur","Paie"}', 'Lille', 'stage', 'Étudiant motivé pour rejoindre le secteur Ressources Humaines.', 'active', 50),
('73e1cdb7-c98f-4ec6-9d57-5e5767c275ed', 'dca37a80-40de-43a6-9087-7793a5a2cbce', 'Juliette', 'Simon', 'Finance & Banque', '{"Analyse Financière","Comptabilité"}', 'Rennes', 'stage', 'Étudiant motivé pour rejoindre le secteur Finance & Banque.', 'active', 50),
('9d3597e2-2e0b-498d-9846-5cbfa0df9cb6', 'b76b88f6-016a-4967-a0af-32b8ceeaa4c4', 'Chloé', 'Chevalier', 'Informatique', '{"Cloud","Cybersécurité"}', 'Nice', 'both', 'Étudiant motivé pour rejoindre le secteur Informatique.', 'active', 50),
('c502d65f-9ff1-4a29-b89c-83734e27cda0', '6dec144e-09f4-4985-a850-97c829263a2c', 'Juliette', 'Dubois', 'Ressources Humaines', '{"Marque Employeur","Recrutement"}', 'Nantes', 'alternance', 'Étudiant motivé pour rejoindre le secteur Ressources Humaines.', 'active', 50),
('2904a358-5c67-43df-b691-5c4af798df07', 'c348c3cb-e845-46fc-9dc2-20140d29cefb', 'Ambre', 'David', 'Marketing', '{"Figma","Copywriting"}', 'Lille', 'alternance', 'Étudiant motivé pour rejoindre le secteur Marketing.', 'active', 50),
('e38a8bb6-c6a5-47ae-a4d7-cbadd44de77b', 'e1594bba-289b-4bda-b628-c1865f90d9d6', 'Mia', 'Robert', 'Finance & Banque', '{"Excel Avancé"}', 'Strasbourg', 'both', 'Étudiant motivé pour rejoindre le secteur Finance & Banque.', 'active', 50),
('63c89b42-b0ab-429e-8886-b44a865fc613', '40b97a06-34c2-4cd5-9d90-b4fcddd3e66a', 'Inès', 'Blanc', 'Immobilier', '{"Estimation","Gestion Locative"}', 'Paris', 'alternance', 'Étudiant motivé pour rejoindre le secteur Immobilier.', 'active', 50),
('03a94931-780d-468e-a992-ecb4cbe80f1e', '3126e06e-c357-4bfc-ba1f-6191e27ec3c7', 'Anna', 'Laurent', 'Marketing', '{"Réseaux Sociaux","SEO"}', 'Paris', 'stage', 'Étudiant motivé pour rejoindre le secteur Marketing.', 'active', 50),
('21efdd06-5129-4658-9490-0f5b549ff026', '86eeffd6-6cb1-45f2-8c62-e1d3cc5614a7', 'Ambre', 'Dubois', 'Médecine & Santé', '{"Recherche Médicale","Biologie"}', 'Angers', 'alternance', 'Étudiant motivé pour rejoindre le secteur Médecine & Santé.', 'active', 50),
('32eb4d49-840b-4140-b977-9aae9540a576', '587962de-9cde-4986-91ca-0cbce80e0cb5', 'Jules', 'Blanc', 'Marketing', '{"Stratégie Digitale","Copywriting"}', 'Paris', 'stage', 'Étudiant motivé pour rejoindre le secteur Marketing.', 'active', 50),
('fc3b3312-b78b-44a3-8cbf-2005df23a1b3', '63ce3d6c-286d-47aa-8e40-0b8cd810df9b', 'Zoé', 'Andre', 'Informatique', '{"React","Cybersécurité"}', 'Lyon', 'both', 'Étudiant motivé pour rejoindre le secteur Informatique.', 'active', 50)
ON CONFLICT (user_id) DO NOTHING;

INSERT INTO public.offers (id, company_id, title, description, type, sector, location, duration, salary, skills_required, start_date, is_active) VALUES
('db5b4769-b78b-4e63-a3ea-0192d04960a3', '121d614b-bf15-4fe1-bbf3-61c9fc7d415c', 'Alternant Conseiller Bancaire', 'Rejoignez-nous en tant que Alternant Conseiller Bancaire.', 'alternance', 'Finance & Banque', 'Dijon', '12 mois', 'Selon profil', '{"Analyse Financière"}', '2026-09-01', true),
('5989b4d1-58ae-463b-86b2-cbafca85c40a', '121d614b-bf15-4fe1-bbf3-61c9fc7d415c', 'Stagiaire Analyste Financier', 'Rejoignez-nous en tant que Stagiaire Analyste Financier.', 'stage', 'Finance & Banque', 'Angers', '6 mois', 'Selon profil', '{"Excel Avancé"}', '2026-09-01', true),
('8b2df851-3118-44f8-aad7-c72982e7163f', '8035ee06-58ac-4edc-9e04-26d022909567', 'Stagiaire Analyste Financier', 'Rejoignez-nous en tant que Stagiaire Analyste Financier.', 'stage', 'Finance & Banque', 'Marseille', '6 mois', 'Selon profil', '{"Audit"}', '2026-09-01', true),
('ae651936-1c2e-47d7-afbb-c50da1629886', '8035ee06-58ac-4edc-9e04-26d022909567', 'Stagiaire Analyste Financier', 'Rejoignez-nous en tant que Stagiaire Analyste Financier.', 'stage', 'Finance & Banque', 'Toulouse', '6 mois', 'Selon profil', '{"Audit"}', '2026-09-01', true),
('70c7704d-9da2-4ce8-854c-80732876926c', '0ee496a5-5850-48b1-b78a-a2e4257ac099', 'Stagiaire Analyste Financier', 'Rejoignez-nous en tant que Stagiaire Analyste Financier.', 'stage', 'Finance & Banque', 'Lille', '6 mois', 'Selon profil', '{"Gestion de Patrimoine"}', '2026-09-01', true),
('85f0e1fd-fdd8-41be-9066-fa6132b80bef', '0ee496a5-5850-48b1-b78a-a2e4257ac099', 'Stagiaire Analyste Financier', 'Rejoignez-nous en tant que Stagiaire Analyste Financier.', 'stage', 'Finance & Banque', 'Toulouse', '6 mois', 'Selon profil', '{"Gestion de Patrimoine"}', '2026-09-01', true),
('f4e24894-f9c8-43f3-ba75-ee389f4d92a9', 'f743c8d1-7b98-4dbb-9a6c-c17e6d0a4090', 'Stagiaire Analyste Financier', 'Rejoignez-nous en tant que Stagiaire Analyste Financier.', 'stage', 'Finance & Banque', 'Paris', '6 mois', 'Selon profil', '{"Comptabilité"}', '2026-09-01', true),
('b9dd40f5-0480-4870-95ca-595ec783908d', 'f743c8d1-7b98-4dbb-9a6c-c17e6d0a4090', 'Alternant Conseiller Bancaire', 'Rejoignez-nous en tant que Alternant Conseiller Bancaire.', 'alternance', 'Finance & Banque', 'Marseille', '12 mois', 'Selon profil', '{"Analyse Financière"}', '2026-09-01', true),
('4ae31971-39e7-4dda-ada6-1875c8f13adf', 'f84bdb19-cfa6-43ff-bc3a-f81e05980569', 'Stagiaire Assistant Médical', 'Rejoignez-nous en tant que Stagiaire Assistant Médical.', 'stage', 'Médecine & Santé', 'Lille', '6 mois', 'Selon profil', '{"Recherche Médicale"}', '2026-09-01', true),
('d67b8d7e-ab51-4784-a01a-e9c45e24369f', 'f84bdb19-cfa6-43ff-bc3a-f81e05980569', 'Alternant Gestion Clinique', 'Rejoignez-nous en tant que Alternant Gestion Clinique.', 'alternance', 'Médecine & Santé', 'Paris', '12 mois', 'Selon profil', '{"Biologie"}', '2026-09-01', true),
('997e9b0d-6a20-4e58-87ba-ea74dfe64a34', 'c45350e2-e288-4783-b723-08853ba5e863', 'Stagiaire Assistant Médical', 'Rejoignez-nous en tant que Stagiaire Assistant Médical.', 'stage', 'Médecine & Santé', 'Angers', '6 mois', 'Selon profil', '{"Recherche Médicale"}', '2026-09-01', true),
('36497374-e888-4168-b8a9-c00e0d5eb9f7', 'c45350e2-e288-4783-b723-08853ba5e863', 'Alternant Gestion Clinique', 'Rejoignez-nous en tant que Alternant Gestion Clinique.', 'alternance', 'Médecine & Santé', 'Nice', '12 mois', 'Selon profil', '{"Gestion Hospitalière"}', '2026-09-01', true),
('f1f20dd2-f8d5-4f57-884f-d349255b9d89', '9aea7793-58a0-43ab-8c2a-84b3bdb9eeb9', 'Alternant Gestion Clinique', 'Rejoignez-nous en tant que Alternant Gestion Clinique.', 'alternance', 'Médecine & Santé', 'Grenoble', '12 mois', 'Selon profil', '{"Gestion Hospitalière"}', '2026-09-01', true),
('9ce525f2-b460-47f8-99e0-2d8380617f76', '9aea7793-58a0-43ab-8c2a-84b3bdb9eeb9', 'Stagiaire Assistant Médical', 'Rejoignez-nous en tant que Stagiaire Assistant Médical.', 'stage', 'Médecine & Santé', 'Toulouse', '6 mois', 'Selon profil', '{"Télémédecine"}', '2026-09-01', true),
('7f60b195-0558-466c-80ea-290412cc67fc', '389de074-657a-44a0-90b3-e6d75d20f45e', 'Alternant Gestion Clinique', 'Rejoignez-nous en tant que Alternant Gestion Clinique.', 'alternance', 'Médecine & Santé', 'Nantes', '12 mois', 'Selon profil', '{"Gestion Hospitalière"}', '2026-09-01', true),
('3c5dda68-6150-46b2-9d41-c25333954e35', '389de074-657a-44a0-90b3-e6d75d20f45e', 'Stagiaire Assistant Médical', 'Rejoignez-nous en tant que Stagiaire Assistant Médical.', 'stage', 'Médecine & Santé', 'Toulouse', '6 mois', 'Selon profil', '{"Gestion Hospitalière"}', '2026-09-01', true),
('cc017e67-0412-4e81-9a6b-5098c0edfbb7', 'dafe04f3-fb47-4e2f-af8d-36fe9f2b7e91', 'Stagiaire Vente & Conseil', 'Rejoignez-nous en tant que Stagiaire Vente & Conseil.', 'stage', 'Commerce & Vente', 'Lille', '6 mois', 'Selon profil', '{"Gestion de Boutique"}', '2026-09-01', true),
('87cad392-569d-4c5a-ba3d-1c5c41ff9a17', 'dafe04f3-fb47-4e2f-af8d-36fe9f2b7e91', 'Alternant Business Developer', 'Rejoignez-nous en tant que Alternant Business Developer.', 'alternance', 'Commerce & Vente', 'Marseille', '12 mois', 'Selon profil', '{"Prospection"}', '2026-09-01', true),
('fc692c61-2a51-41e2-b409-1411399a77b2', 'd9c176fe-5dfb-4bd2-8018-dfbc7c57cce2', 'Stagiaire Vente & Conseil', 'Rejoignez-nous en tant que Stagiaire Vente & Conseil.', 'stage', 'Commerce & Vente', 'Paris', '6 mois', 'Selon profil', '{"Gestion de Boutique"}', '2026-09-01', true),
('bd2243cd-b792-4c0e-baca-7b8789d6dfa4', 'd9c176fe-5dfb-4bd2-8018-dfbc7c57cce2', 'Alternant Business Developer', 'Rejoignez-nous en tant que Alternant Business Developer.', 'alternance', 'Commerce & Vente', 'Marseille', '12 mois', 'Selon profil', '{"CRM"}', '2026-09-01', true),
('543da464-ca1e-4f16-9a81-22a000c39340', '965f0dbd-8618-488b-8211-e1567be267cf', 'Alternant Business Developer', 'Rejoignez-nous en tant que Alternant Business Developer.', 'alternance', 'Commerce & Vente', 'Montpellier', '12 mois', 'Selon profil', '{"Retail"}', '2026-09-01', true),
('cf6bfb09-3b9c-4af5-afe7-0e0ded31c206', '965f0dbd-8618-488b-8211-e1567be267cf', 'Stagiaire Vente & Conseil', 'Rejoignez-nous en tant que Stagiaire Vente & Conseil.', 'stage', 'Commerce & Vente', 'Rennes', '6 mois', 'Selon profil', '{"Négociation B2B"}', '2026-09-01', true),
('631789f8-1b64-4efc-a9e3-2e77c87a6c94', '55ff33d0-67e4-4150-949a-2570ee88dfde', 'Alternant Business Developer', 'Rejoignez-nous en tant que Alternant Business Developer.', 'alternance', 'Commerce & Vente', 'Paris', '12 mois', 'Selon profil', '{"CRM"}', '2026-09-01', true),
('9451e084-ae78-46fd-b689-5f69dbab5e18', '55ff33d0-67e4-4150-949a-2570ee88dfde', 'Alternant Business Developer', 'Rejoignez-nous en tant que Alternant Business Developer.', 'alternance', 'Commerce & Vente', 'Grenoble', '12 mois', 'Selon profil', '{"Retail"}', '2026-09-01', true),
('8def895c-a309-4a53-845d-6371cf638d13', 'e804abf2-6d50-48ee-92c1-c2a4f8b73244', 'Alternant Gestionnaire de Copropriété', 'Rejoignez-nous en tant que Alternant Gestionnaire de Copropriété.', 'alternance', 'Immobilier', 'Nantes', '12 mois', 'Selon profil', '{"Estimation"}', '2026-09-01', true),
('861351b4-68f9-48c1-aa00-c9203fb696f4', 'e804abf2-6d50-48ee-92c1-c2a4f8b73244', 'Stagiaire Négociateur', 'Rejoignez-nous en tant que Stagiaire Négociateur.', 'stage', 'Immobilier', 'Lyon', '6 mois', 'Selon profil', '{"Transaction Immobilière"}', '2026-09-01', true),
('ba63a9c3-f8d2-4c18-803c-eb9d431a8d64', '4d0cbbc5-55f8-48f3-9be9-d9c4d38cab4f', 'Alternant Gestionnaire de Copropriété', 'Rejoignez-nous en tant que Alternant Gestionnaire de Copropriété.', 'alternance', 'Immobilier', 'Toulouse', '12 mois', 'Selon profil', '{"Gestion Locative"}', '2026-09-01', true),
('2f80e566-7ddb-4201-b41f-6a981143e8d2', '4d0cbbc5-55f8-48f3-9be9-d9c4d38cab4f', 'Alternant Gestionnaire de Copropriété', 'Rejoignez-nous en tant que Alternant Gestionnaire de Copropriété.', 'alternance', 'Immobilier', 'Grenoble', '12 mois', 'Selon profil', '{"Prospection Foncière"}', '2026-09-01', true),
('d9809e34-b7fe-40fe-9961-4dcc96bfa84b', 'd3755ae4-78e9-4621-b7d9-17272e21a494', 'Alternant Gestionnaire de Copropriété', 'Rejoignez-nous en tant que Alternant Gestionnaire de Copropriété.', 'alternance', 'Immobilier', 'Marseille', '12 mois', 'Selon profil', '{"Estimation"}', '2026-09-01', true),
('ae19cc3c-c392-4de1-a32b-c5dffb92ae0b', 'd3755ae4-78e9-4621-b7d9-17272e21a494', 'Alternant Gestionnaire de Copropriété', 'Rejoignez-nous en tant que Alternant Gestionnaire de Copropriété.', 'alternance', 'Immobilier', 'Dijon', '12 mois', 'Selon profil', '{"Transaction Immobilière"}', '2026-09-01', true),
('5c6941c7-43a6-49a3-8e24-d5766955d9fd', 'b4f9540f-2f14-4377-83ae-ad6f5890a957', 'Stagiaire RSE', 'Rejoignez-nous en tant que Stagiaire RSE.', 'stage', 'Environnement', 'Nantes', '6 mois', 'Selon profil', '{"Énergies Renouvelables"}', '2026-09-01', true),
('052be427-a659-43c2-89ce-dd0b9e5a257d', 'b4f9540f-2f14-4377-83ae-ad6f5890a957', 'Alternant Chef de Projet Vert', 'Rejoignez-nous en tant que Alternant Chef de Projet Vert.', 'alternance', 'Environnement', 'Strasbourg', '12 mois', 'Selon profil', '{"RSE"}', '2026-09-01', true),
('de9658a1-6e4c-481f-b29f-7ec225b946c3', '1fef307f-4e99-42ce-ab53-26cd0f74a9f5', 'Stagiaire RSE', 'Rejoignez-nous en tant que Stagiaire RSE.', 'stage', 'Environnement', 'Grenoble', '6 mois', 'Selon profil', '{"Énergies Renouvelables"}', '2026-09-01', true),
('34f01038-2e37-4074-b20a-44122ac610b3', '1fef307f-4e99-42ce-ab53-26cd0f74a9f5', 'Alternant Chef de Projet Vert', 'Rejoignez-nous en tant que Alternant Chef de Projet Vert.', 'alternance', 'Environnement', 'Toulouse', '12 mois', 'Selon profil', '{"Énergies Renouvelables"}', '2026-09-01', true),
('e84f8af9-4d9c-4e20-8a50-90e2fbcb0cd8', 'dd3442b0-4e55-444f-8928-1bbe53975b85', 'Stagiaire RSE', 'Rejoignez-nous en tant que Stagiaire RSE.', 'stage', 'Environnement', 'Montpellier', '6 mois', 'Selon profil', '{"Énergies Renouvelables"}', '2026-09-01', true),
('ec5afc98-c669-4f89-b144-101021c9f3b9', 'dd3442b0-4e55-444f-8928-1bbe53975b85', 'Stagiaire RSE', 'Rejoignez-nous en tant que Stagiaire RSE.', 'stage', 'Environnement', 'Paris', '6 mois', 'Selon profil', '{"Énergies Renouvelables"}', '2026-09-01', true),
('f57cad11-166a-4263-bf61-7397916a09db', 'b70795ed-5536-47a3-a0cc-01fbefdf499e', 'Alternant Assistant RH', 'Rejoignez-nous en tant que Alternant Assistant RH.', 'alternance', 'Ressources Humaines', 'Montpellier', '12 mois', 'Selon profil', '{"Paie"}', '2026-09-01', true),
('0284d47b-dd41-4748-9445-d35e2ed3e645', 'b70795ed-5536-47a3-a0cc-01fbefdf499e', 'Stagiaire Recrutement', 'Rejoignez-nous en tant que Stagiaire Recrutement.', 'stage', 'Ressources Humaines', 'Lille', '6 mois', 'Selon profil', '{"Marque Employeur"}', '2026-09-01', true),
('8f1e7f63-e445-4f6d-bd23-8b9c46120d12', '182b3ebd-c269-4e28-bfef-42fb36d5ffdc', 'Alternant Assistant RH', 'Rejoignez-nous en tant que Alternant Assistant RH.', 'alternance', 'Ressources Humaines', 'Rennes', '12 mois', 'Selon profil', '{"Droit Social"}', '2026-09-01', true),
('9bda08d1-eb72-47df-b1ff-2fd9c6d060e3', '182b3ebd-c269-4e28-bfef-42fb36d5ffdc', 'Stagiaire Recrutement', 'Rejoignez-nous en tant que Stagiaire Recrutement.', 'stage', 'Ressources Humaines', 'Nice', '6 mois', 'Selon profil', '{"Droit Social"}', '2026-09-01', true),
('e9bd08f6-70b5-4aad-bff9-25150dc8a0a1', 'ed12958a-0d5f-476b-9d5f-acd8c85c74d9', 'Stagiaire Assistant Marketing', 'Rejoignez-nous en tant que Stagiaire Assistant Marketing.', 'stage', 'Marketing', 'Strasbourg', '6 mois', 'Selon profil', '{"Figma"}', '2026-09-01', true),
('137eefb7-0b32-4994-bece-284f0e5fd4ac', 'ed12958a-0d5f-476b-9d5f-acd8c85c74d9', 'Stagiaire Assistant Marketing', 'Rejoignez-nous en tant que Stagiaire Assistant Marketing.', 'stage', 'Marketing', 'Nice', '6 mois', 'Selon profil', '{"Figma"}', '2026-09-01', true),
('1139d31e-fd34-43bd-b133-d6463a16cb23', 'd7cc1df8-c6bd-482a-8500-df3f2b9da55f', 'Alternant Traffic Manager', 'Rejoignez-nous en tant que Alternant Traffic Manager.', 'alternance', 'Marketing', 'Nantes', '12 mois', 'Selon profil', '{"Réseaux Sociaux"}', '2026-09-01', true),
('470fc7d4-f99a-4eca-b680-f56366dc9d66', 'd7cc1df8-c6bd-482a-8500-df3f2b9da55f', 'Alternant Traffic Manager', 'Rejoignez-nous en tant que Alternant Traffic Manager.', 'alternance', 'Marketing', 'Bordeaux', '12 mois', 'Selon profil', '{"SEO"}', '2026-09-01', true),
('aabcfc99-1b9d-4703-a99b-fa02e8d812f9', '359e21ab-c47b-49d5-a7ea-211a79f72f03', 'Stagiaire Polyvalent', 'Rejoignez-nous en tant que Stagiaire Polyvalent.', 'stage', 'Informatique', 'Rennes', '6 mois', 'Selon profil', '{"Machine Learning"}', '2026-09-01', true),
('e5b0c606-7004-4120-b8b6-c590febfc548', '359e21ab-c47b-49d5-a7ea-211a79f72f03', 'Alternant Polyvalent', 'Rejoignez-nous en tant que Alternant Polyvalent.', 'alternance', 'Informatique', 'Strasbourg', '12 mois', 'Selon profil', '{"Machine Learning"}', '2026-09-01', true),
('b2cfb268-37a2-4597-8d16-2d5cd6d746aa', 'a2be6e78-f474-45c4-852b-d46e660616fb', 'Stagiaire Polyvalent', 'Rejoignez-nous en tant que Stagiaire Polyvalent.', 'stage', 'Informatique', 'Rennes', '6 mois', 'Selon profil', '{"Python"}', '2026-09-01', true),
('6674e28a-6112-494c-b953-a8d7b1601587', 'a2be6e78-f474-45c4-852b-d46e660616fb', 'Alternant Polyvalent', 'Rejoignez-nous en tant que Alternant Polyvalent.', 'alternance', 'Informatique', 'Bordeaux', '12 mois', 'Selon profil', '{"Cybersécurité"}', '2026-09-01', true),
('cd967f13-88df-4c15-b90d-13f7de2cf83c', '6162a185-e88e-448b-aa63-2d68bec1500d', 'Alternant Polyvalent', 'Rejoignez-nous en tant que Alternant Polyvalent.', 'alternance', 'Ingénierie', 'Montpellier', '12 mois', 'Selon profil', '{"Polyvalence"}', '2026-09-01', true),
('db1b2c30-eddf-44d2-8352-d91b90923e45', '6162a185-e88e-448b-aa63-2d68bec1500d', 'Alternant Polyvalent', 'Rejoignez-nous en tant que Alternant Polyvalent.', 'alternance', 'Ingénierie', 'Strasbourg', '12 mois', 'Selon profil', '{"Polyvalence"}', '2026-09-01', true),
('d54f7550-8ad5-4036-a784-b4cc86570a9d', '0e8b1dcc-2aac-485c-98d5-ab8f132d5763', 'Stagiaire Polyvalent', 'Rejoignez-nous en tant que Stagiaire Polyvalent.', 'stage', 'Ingénierie', 'Rennes', '6 mois', 'Selon profil', '{"Polyvalence"}', '2026-09-01', true),
('75830f95-fc15-4d21-8095-e8a84a4f569a', '0e8b1dcc-2aac-485c-98d5-ab8f132d5763', 'Stagiaire Polyvalent', 'Rejoignez-nous en tant que Stagiaire Polyvalent.', 'stage', 'Ingénierie', 'Lyon', '6 mois', 'Selon profil', '{"Polyvalence"}', '2026-09-01', true),
('e3868741-a7c5-4bb5-a7b7-7cb64c2674b6', '6869a223-0b9c-46fc-b87b-722f171d747a', 'Alternant Gestion Clinique', 'Rejoignez-nous en tant que Alternant Gestion Clinique.', 'alternance', 'Médecine & Santé', 'Rennes', '12 mois', 'Selon profil', '{"Gestion Hospitalière"}', '2026-09-01', true),
('b35121b8-db26-4655-b31e-55dbd606b532', '6869a223-0b9c-46fc-b87b-722f171d747a', 'Stagiaire Assistant Médical', 'Rejoignez-nous en tant que Stagiaire Assistant Médical.', 'stage', 'Médecine & Santé', 'Strasbourg', '6 mois', 'Selon profil', '{"Télémédecine"}', '2026-09-01', true),
('9c47eb71-b103-433e-905d-1a5937d31d53', '28d45fcf-c6e5-4508-8865-27d9a640e4d4', 'Stagiaire Analyste Financier', 'Rejoignez-nous en tant que Stagiaire Analyste Financier.', 'stage', 'Finance & Banque', 'Montpellier', '6 mois', 'Selon profil', '{"Excel Avancé"}', '2026-09-01', true),
('0d27fe0a-99ee-48c1-9b1a-f73f03096526', '28d45fcf-c6e5-4508-8865-27d9a640e4d4', 'Stagiaire Analyste Financier', 'Rejoignez-nous en tant que Stagiaire Analyste Financier.', 'stage', 'Finance & Banque', 'Nantes', '6 mois', 'Selon profil', '{"Comptabilité"}', '2026-09-01', true),
('877f0033-ec90-4af1-9d19-d5324279c98d', '5dd72d45-2f7f-4083-a5f0-d81c38942012', 'Stagiaire Vente & Conseil', 'Rejoignez-nous en tant que Stagiaire Vente & Conseil.', 'stage', 'Commerce & Vente', 'Rennes', '6 mois', 'Selon profil', '{"CRM"}', '2026-09-01', true),
('3c991758-a054-449d-af4d-f1c24eee595c', '5dd72d45-2f7f-4083-a5f0-d81c38942012', 'Alternant Business Developer', 'Rejoignez-nous en tant que Alternant Business Developer.', 'alternance', 'Commerce & Vente', 'Paris', '12 mois', 'Selon profil', '{"Prospection"}', '2026-09-01', true),
('b2538359-d819-4374-bbda-8aa72e6ec3c2', '891c8638-ccbf-428a-aaab-2c79340b391e', 'Stagiaire Négociateur', 'Rejoignez-nous en tant que Stagiaire Négociateur.', 'stage', 'Immobilier', 'Montpellier', '6 mois', 'Selon profil', '{"Prospection Foncière"}', '2026-09-01', true),
('9ac73712-7b22-440a-90ee-5477151fafc3', '891c8638-ccbf-428a-aaab-2c79340b391e', 'Alternant Gestionnaire de Copropriété', 'Rejoignez-nous en tant que Alternant Gestionnaire de Copropriété.', 'alternance', 'Immobilier', 'Angers', '12 mois', 'Selon profil', '{"Prospection Foncière"}', '2026-09-01', true);
